{"Version":2,"SourceFileDate":132828259576164824,"Flags":["FL_BITMAP_COMPRESSION","FL_BITMAP_MIPMAP","FL_BITMAP_QUALITY_HIGH","FL_BITMAP_PRECOMPUTED_INV_AVG"],"InvAvgColor":[1.2057313919067383,1.2058030366897583,1.2057313919067383],"HasTransp":true}