{"Version":2,"SourceFileDate":132463800930000000,"Flags":["FL_BITMAP_COMPRESSION","FL_BITMAP_MIPMAP","FL_BITMAP_QUALITY_HIGH","FL_BITMAP_PRECOMPUTED_INV_AVG"],"InvAvgColor":[2.7560935020446777,2.7658493518829346,3.0788655281066895],"HasTransp":true}